{
    "accuracy": 0.9473684210526315,
    "precision": 0.9491228070175438,
    "recall": 0.9491228070175438,
    "f1": 0.9491228070175438,
    "cm": [
        [
            9,
            0,
            0
        ],
        [
            0,
            9,
            1
        ],
        [
            0,
            1,
            18
        ]
    ],
    "roc_auc": null
}